location_id,location_name,parameter,value,unit,datetimeUtc,datetimeLocal,timezone,latitude,longitude,country_iso,isMobile,isMonitor,owner_name,provider
5893160,"KLCC","pm25",13.29,"µg/m³","2025-11-28T00:08:59Z","2025-11-28T08:08:59+08:00","Asia/Kuala_Lumpur",3.1564,101.70981,,,,"Clarity","Clarity"
5893160,"KLCC","pm25",12.5,"µg/m³","2025-11-28T00:26:10Z","2025-11-28T08:26:10+08:00","Asia/Kuala_Lumpur",3.1564,101.70981,,,,"Clarity","Clarity"
5893160,"KLCC","pm25",15.7,"µg/m³","2025-11-28T00:43:18Z","2025-11-28T08:43:18+08:00","Asia/Kuala_Lumpur",3.1564,101.70981,,,,"Clarity","Clarity"
5893160,"KLCC","pm25",11.8,"µg/m³","2025-11-28T01:00:25Z","2025-11-28T09:00:25+08:00","Asia/Kuala_Lumpur",3.1564,101.70981,,,,"Clarity","Clarity"
5893160,"KLCC","pm25",18.58,"µg/m³","2025-11-28T02:09:00Z","2025-11-28T10:09:00+08:00","Asia/Kuala_Lumpur",3.1564,101.70981,,,,"Clarity","Clarity"
5893160,"KLCC","pm25",22.98,"µg/m³","2025-11-28T02:26:08Z","2025-11-28T10:26:08+08:00","Asia/Kuala_Lumpur",3.1564,101.70981,,,,"Clarity","Clarity"
5893160,"KLCC","pm25",14.57,"µg/m³","2025-11-28T02:43:16Z","2025-11-28T10:43:16+08:00","Asia/Kuala_Lumpur",3.1564,101.70981,,,,"Clarity","Clarity"
5893160,"KLCC","pm25",18.81,"µg/m³","2025-11-28T03:00:24Z","2025-11-28T11:00:24+08:00","Asia/Kuala_Lumpur",3.1564,101.70981,,,,"Clarity","Clarity"
5893160,"KLCC","pm25",19.25,"µg/m³","2025-11-28T04:08:58Z","2025-11-28T12:08:58+08:00","Asia/Kuala_Lumpur",3.1564,101.70981,,,,"Clarity","Clarity"
5893160,"KLCC","pm25",17.58,"µg/m³","2025-11-28T04:26:06Z","2025-11-28T12:26:06+08:00","Asia/Kuala_Lumpur",3.1564,101.70981,,,,"Clarity","Clarity"
5893160,"KLCC","pm25",19.71,"µg/m³","2025-11-28T04:43:17Z","2025-11-28T12:43:17+08:00","Asia/Kuala_Lumpur",3.1564,101.70981,,,,"Clarity","Clarity"
5893160,"KLCC","pm25",15.75,"µg/m³","2025-11-28T05:00:24Z","2025-11-28T13:00:24+08:00","Asia/Kuala_Lumpur",3.1564,101.70981,,,,"Clarity","Clarity"
5893160,"KLCC","pm25",11.36,"µg/m³","2025-11-28T06:09:00Z","2025-11-28T14:09:00+08:00","Asia/Kuala_Lumpur",3.1564,101.70981,,,,"Clarity","Clarity"
5893160,"KLCC","pm25",11.17,"µg/m³","2025-11-28T06:26:11Z","2025-11-28T14:26:11+08:00","Asia/Kuala_Lumpur",3.1564,101.70981,,,,"Clarity","Clarity"
5893160,"KLCC","pm25",8.24,"µg/m³","2025-11-28T06:43:19Z","2025-11-28T14:43:19+08:00","Asia/Kuala_Lumpur",3.1564,101.70981,,,,"Clarity","Clarity"
5893160,"KLCC","pm25",10.04,"µg/m³","2025-11-28T07:00:29Z","2025-11-28T15:00:29+08:00","Asia/Kuala_Lumpur",3.1564,101.70981,,,,"Clarity","Clarity"
5893160,"KLCC","pm25",17.09,"µg/m³","2025-11-28T09:00:22Z","2025-11-28T17:00:22+08:00","Asia/Kuala_Lumpur",3.1564,101.70981,,,,"Clarity","Clarity"
5893160,"KLCC","pm25",16.51,"µg/m³","2025-11-28T09:17:33Z","2025-11-28T17:17:33+08:00","Asia/Kuala_Lumpur",3.1564,101.70981,,,,"Clarity","Clarity"
5893160,"KLCC","pm25",15.03,"µg/m³","2025-11-28T09:34:41Z","2025-11-28T17:34:41+08:00","Asia/Kuala_Lumpur",3.1564,101.70981,,,,"Clarity","Clarity"
5893160,"KLCC","pm25",18.15,"µg/m³","2025-11-28T09:51:48Z","2025-11-28T17:51:48+08:00","Asia/Kuala_Lumpur",3.1564,101.70981,,,,"Clarity","Clarity"
5893160,"KLCC","pm25",18.91,"µg/m³","2025-11-28T10:08:55Z","2025-11-28T18:08:55+08:00","Asia/Kuala_Lumpur",3.1564,101.70981,,,,"Clarity","Clarity"
5893160,"KLCC","pm25",18.22,"µg/m³","2025-11-28T10:26:06Z","2025-11-28T18:26:06+08:00","Asia/Kuala_Lumpur",3.1564,101.70981,,,,"Clarity","Clarity"
5893160,"KLCC","pm25",13.79,"µg/m³","2025-11-28T10:43:13Z","2025-11-28T18:43:13+08:00","Asia/Kuala_Lumpur",3.1564,101.70981,,,,"Clarity","Clarity"
5893160,"KLCC","pm25",14.11,"µg/m³","2025-11-28T11:00:21Z","2025-11-28T19:00:21+08:00","Asia/Kuala_Lumpur",3.1564,101.70981,,,,"Clarity","Clarity"
5893160,"KLCC","pm25",14.65,"µg/m³","2025-11-28T11:17:28Z","2025-11-28T19:17:28+08:00","Asia/Kuala_Lumpur",3.1564,101.70981,,,,"Clarity","Clarity"
5893160,"KLCC","pm25",19.7,"µg/m³","2025-11-28T11:34:36Z","2025-11-28T19:34:36+08:00","Asia/Kuala_Lumpur",3.1564,101.70981,,,,"Clarity","Clarity"
5893160,"KLCC","pm25",15.22,"µg/m³","2025-11-28T11:51:46Z","2025-11-28T19:51:46+08:00","Asia/Kuala_Lumpur",3.1564,101.70981,,,,"Clarity","Clarity"
5893160,"KLCC","pm25",14.37,"µg/m³","2025-11-28T12:08:54Z","2025-11-28T20:08:54+08:00","Asia/Kuala_Lumpur",3.1564,101.70981,,,,"Clarity","Clarity"
5893160,"KLCC","pm25",15.25,"µg/m³","2025-11-28T12:26:02Z","2025-11-28T20:26:02+08:00","Asia/Kuala_Lumpur",3.1564,101.70981,,,,"Clarity","Clarity"
5893160,"KLCC","pm25",16.02,"µg/m³","2025-11-28T12:43:09Z","2025-11-28T20:43:09+08:00","Asia/Kuala_Lumpur",3.1564,101.70981,,,,"Clarity","Clarity"
5893160,"KLCC","pm25",14.93,"µg/m³","2025-11-28T13:00:20Z","2025-11-28T21:00:20+08:00","Asia/Kuala_Lumpur",3.1564,101.70981,,,,"Clarity","Clarity"
5893160,"KLCC","pm25",15.44,"µg/m³","2025-11-28T13:17:28Z","2025-11-28T21:17:28+08:00","Asia/Kuala_Lumpur",3.1564,101.70981,,,,"Clarity","Clarity"
5893160,"KLCC","pm25",16.51,"µg/m³","2025-11-28T13:34:39Z","2025-11-28T21:34:39+08:00","Asia/Kuala_Lumpur",3.1564,101.70981,,,,"Clarity","Clarity"
5893160,"KLCC","pm25",16.98,"µg/m³","2025-11-28T13:51:46Z","2025-11-28T21:51:46+08:00","Asia/Kuala_Lumpur",3.1564,101.70981,,,,"Clarity","Clarity"
5893160,"KLCC","pm25",18.44,"µg/m³","2025-11-28T14:08:54Z","2025-11-28T22:08:54+08:00","Asia/Kuala_Lumpur",3.1564,101.70981,,,,"Clarity","Clarity"
5893160,"KLCC","pm25",18.92,"µg/m³","2025-11-28T14:26:02Z","2025-11-28T22:26:02+08:00","Asia/Kuala_Lumpur",3.1564,101.70981,,,,"Clarity","Clarity"
5893160,"KLCC","pm25",15.35,"µg/m³","2025-11-28T14:43:09Z","2025-11-28T22:43:09+08:00","Asia/Kuala_Lumpur",3.1564,101.70981,,,,"Clarity","Clarity"
5893160,"KLCC","pm25",17.08,"µg/m³","2025-11-28T15:00:20Z","2025-11-28T23:00:20+08:00","Asia/Kuala_Lumpur",3.1564,101.70981,,,,"Clarity","Clarity"
5893160,"KLCC","pm25",16.21,"µg/m³","2025-11-28T15:17:27Z","2025-11-28T23:17:27+08:00","Asia/Kuala_Lumpur",3.1564,101.70981,,,,"Clarity","Clarity"
5893160,"KLCC","pm25",16.7,"µg/m³","2025-11-28T15:34:35Z","2025-11-28T23:34:35+08:00","Asia/Kuala_Lumpur",3.1564,101.70981,,,,"Clarity","Clarity"
5893160,"KLCC","pm25",18.09,"µg/m³","2025-11-28T15:51:43Z","2025-11-28T23:51:43+08:00","Asia/Kuala_Lumpur",3.1564,101.70981,,,,"Clarity","Clarity"
5893160,"KLCC","pm25",18.76,"µg/m³","2025-11-28T16:08:53Z","2025-11-29T00:08:53+08:00","Asia/Kuala_Lumpur",3.1564,101.70981,,,,"Clarity","Clarity"
5893160,"KLCC","pm25",18.72,"µg/m³","2025-11-28T16:26:04Z","2025-11-29T00:26:04+08:00","Asia/Kuala_Lumpur",3.1564,101.70981,,,,"Clarity","Clarity"
5893160,"KLCC","pm25",17.52,"µg/m³","2025-11-28T16:43:12Z","2025-11-29T00:43:12+08:00","Asia/Kuala_Lumpur",3.1564,101.70981,,,,"Clarity","Clarity"
5893160,"KLCC","pm25",18.63,"µg/m³","2025-11-28T17:00:20Z","2025-11-29T01:00:20+08:00","Asia/Kuala_Lumpur",3.1564,101.70981,,,,"Clarity","Clarity"
5893160,"KLCC","pm25",20.09,"µg/m³","2025-11-28T17:17:27Z","2025-11-29T01:17:27+08:00","Asia/Kuala_Lumpur",3.1564,101.70981,,,,"Clarity","Clarity"
5893160,"KLCC","pm25",19.79,"µg/m³","2025-11-28T17:34:35Z","2025-11-29T01:34:35+08:00","Asia/Kuala_Lumpur",3.1564,101.70981,,,,"Clarity","Clarity"
5893160,"KLCC","pm25",20.27,"µg/m³","2025-11-28T17:51:42Z","2025-11-29T01:51:42+08:00","Asia/Kuala_Lumpur",3.1564,101.70981,,,,"Clarity","Clarity"
5893160,"KLCC","pm25",17.2,"µg/m³","2025-11-28T18:08:50Z","2025-11-29T02:08:50+08:00","Asia/Kuala_Lumpur",3.1564,101.70981,,,,"Clarity","Clarity"
5893160,"KLCC","pm25",18.59,"µg/m³","2025-11-28T18:26:00Z","2025-11-29T02:26:00+08:00","Asia/Kuala_Lumpur",3.1564,101.70981,,,,"Clarity","Clarity"
5893160,"KLCC","pm25",17.08,"µg/m³","2025-11-28T18:43:08Z","2025-11-29T02:43:08+08:00","Asia/Kuala_Lumpur",3.1564,101.70981,,,,"Clarity","Clarity"
5893160,"KLCC","pm25",19.92,"µg/m³","2025-11-28T19:00:19Z","2025-11-29T03:00:19+08:00","Asia/Kuala_Lumpur",3.1564,101.70981,,,,"Clarity","Clarity"
5893160,"KLCC","pm25",19.58,"µg/m³","2025-11-28T19:17:27Z","2025-11-29T03:17:27+08:00","Asia/Kuala_Lumpur",3.1564,101.70981,,,,"Clarity","Clarity"
5893160,"KLCC","pm25",16.95,"µg/m³","2025-11-28T19:34:34Z","2025-11-29T03:34:34+08:00","Asia/Kuala_Lumpur",3.1564,101.70981,,,,"Clarity","Clarity"
5893160,"KLCC","pm25",17.05,"µg/m³","2025-11-28T19:51:42Z","2025-11-29T03:51:42+08:00","Asia/Kuala_Lumpur",3.1564,101.70981,,,,"Clarity","Clarity"
5893160,"KLCC","pm25",16.88,"µg/m³","2025-11-28T23:00:09Z","2025-11-29T07:00:09+08:00","Asia/Kuala_Lumpur",3.1564,101.70981,,,,"Clarity","Clarity"
5893160,"KLCC","pm25",16.98,"µg/m³","2025-11-28T23:17:17Z","2025-11-29T07:17:17+08:00","Asia/Kuala_Lumpur",3.1564,101.70981,,,,"Clarity","Clarity"
5893160,"KLCC","pm25",17.99,"µg/m³","2025-11-28T23:34:25Z","2025-11-29T07:34:25+08:00","Asia/Kuala_Lumpur",3.1564,101.70981,,,,"Clarity","Clarity"
5893160,"KLCC","pm25",15.94,"µg/m³","2025-11-28T23:51:32Z","2025-11-29T07:51:32+08:00","Asia/Kuala_Lumpur",3.1564,101.70981,,,,"Clarity","Clarity"